{"1": 0.04416376352310181, "2": 0.04451872780919075, "3": 0.04486618563532829, "4": 0.04520542919635773, "5": 0.045535892248153687, "6": 0.0458572655916214, "7": 0.04616933688521385, "8": 0.04647202417254448, "9": 0.04676532745361328, "10": 0.047049380838871, "11": 0.04732443392276764, "12": 0.04759083688259125, "13": 0.04784907400608063, "14": 0.04809975251555443, "15": 0.04834356531500816, "16": 0.048581305891275406, "17": 0.048813849687576294, "18": 0.04904208332300186, "19": 0.04926692694425583, "20": 0.04948927462100983, "21": 0.049709975719451904, "22": 0.04992981255054474, "23": 0.050149478018283844, "24": 0.05036955699324608, "25": 0.05059054493904114, "26": 0.05081282556056976, "27": 0.05103671923279762, "28": 0.05126243457198143, "29": 0.05149013549089432, "30": 0.05171993747353554, "31": 0.051951900124549866, "32": 0.05218604579567909, "33": 0.052422378212213516, "34": 0.05266088619828224, "35": 0.05290151759982109, "36": 0.053144242614507675, "37": 0.05338899791240692, "38": 0.053635723888874054, "39": 0.0538843609392643, "40": 0.05413483455777168, "41": 0.054387085139751434, "42": 0.05464102700352669, "43": 0.05489658936858177, "44": 0.055153705179691315, "45": 0.05541228502988815, "46": 0.05567226558923721, "47": 0.055933550000190735, "48": 0.05619608610868454, "49": 0.05645977705717087, "50": 0.05672452226281166, "51": 0.056990254670381546, "52": 0.057256873697042465, "53": 0.05752427503466606, "54": 0.05779236927628517, "55": 0.05806104838848114, "56": 0.05833018571138382, "57": 0.058599669486284256, "58": 0.0588693767786026, "59": 0.05913916230201721, "60": 0.05940889194607735, "61": 0.05967840179800987, "62": 0.059947557747364044, "63": 0.060216162353754044, "64": 0.06048405170440674, "65": 0.06075103208422661, "66": 0.06101691722869873, "67": 0.06128149479627609, "68": 0.06154455989599228, "69": 0.061805881559848785, "70": 0.0620652437210083, "71": 0.06232239305973053, "72": 0.06257712095975876, "73": 0.0628291517496109, "74": 0.06307826191186905, "75": 0.06332416832447052, "76": 0.06356664001941681, "77": 0.06380539387464523, "78": 0.06404021382331848, "79": 0.06427080929279327, "80": 0.0644969567656517, "81": 0.06471839547157288, "82": 0.0649348795413971, "83": 0.06514620780944824, "84": 0.06535212695598602, "85": 0.06555244326591492, "86": 0.06574694812297821, "87": 0.06593546271324158, "88": 0.06611781567335129, "89": 0.0662938579916954, "90": 0.06646344065666199, "91": 0.06662647426128387, "92": 0.06678284704685211, "93": 0.06693246960639954, "94": 0.06707528978586197, "95": 0.06721130013465881, "96": 0.06734044849872589, "97": 0.06746277213096619, "98": 0.06757831573486328, "99": 0.06768710166215897, "100": 0.0677892416715622}